<?xml version="1.0" encoding="UTF-8"?>
<project-private xmlns="http://www.netbeans.org/ns/project-private/1">
    <editor-bookmarks xmlns="http://www.netbeans.org/ns/editor-bookmarks/2" lastBookmarkId="0"/>
    <open-files xmlns="http://www.netbeans.org/ns/projectui-open-files/2">
        <group>
            <file>file:/D:/Downloads/Restaurant_System/Restaurant_System/src/Restaurant_s/Current_Order.java</file>
            <file>file:/D:/Downloads/Restaurant_System/Restaurant_System/src/Restaurant_s/Place_Order.java</file>
            <file>file:/D:/Downloads/Restaurant_System/Restaurant_System/src/Restaurant_s/Desserts.java</file>
            <file>file:/D:/Downloads/Restaurant_System/Restaurant_System/src/Restaurant_s/Thank_You.java</file>
            <file>file:/D:/Downloads/Restaurant_System/Restaurant_System/src/Restaurant_s/Welcome_Screen.java</file>
        </group>
    </open-files>
</project-private>
