<?xml version="1.0" encoding="UTF-8"?>
<project-private xmlns="http://www.netbeans.org/ns/project-private/1">
    <editor-bookmarks xmlns="http://www.netbeans.org/ns/editor-bookmarks/2" lastBookmarkId="0"/>
    <open-files xmlns="http://www.netbeans.org/ns/projectui-open-files/2">
        <group>
            <file>file:/D:/Documents/CS275/Restaurat_System/Restaurat_System/src/Restaurant_s/Current_Order.java</file>
            <file>file:/D:/Documents/CS275/Restaurat_System/Restaurat_System/src/ItemPrices/Parent_Entrees.java</file>
            <file>file:/D:/Documents/CS275/Restaurat_System/Restaurat_System/src/Restaurant_s/Select_Seat.java</file>
            <file>file:/D:/Documents/CS275/Restaurat_System/Restaurat_System/src/Restaurant_s/PizzaToppings_1.java</file>
            <file>file:/D:/Documents/CS275/Restaurat_System/Restaurat_System/src/Restaurant_s/Welcome_Screen.java</file>
            <file>file:/D:/Documents/CS275/Restaurat_System/Restaurat_System/src/ItemPrices/Child_Entrees.java</file>
            <file>file:/D:/Documents/CS275/Restaurat_System/Restaurat_System/src/Restaurant_s/Appetizers.java</file>
        </group>
    </open-files>
</project-private>
