<?xml version="1.0" encoding="UTF-8"?>
<project-private xmlns="http://www.netbeans.org/ns/project-private/1">
    <editor-bookmarks xmlns="http://www.netbeans.org/ns/editor-bookmarks/2" lastBookmarkId="0"/>
    <open-files xmlns="http://www.netbeans.org/ns/projectui-open-files/2">
        <group>
            <file>file:/C:/Users/fethomas/Documents/NetBeansProjects/Appetizer/src/Entree/FoodItem_menu.java</file>
            <file>file:/C:/Users/fethomas/Documents/NetBeansProjects/Appetizer/src/Entree/Child_FoodItem.java</file>
            <file>file:/C:/Users/fethomas/Documents/NetBeansProjects/Appetizer/src/Appetizers/Parent_Appetizers.java</file>
            <file>file:/C:/Users/fethomas/Documents/NetBeansProjects/Appetizer/src/Appetizers/Appetizer_menu.java</file>
            <file>file:/C:/Users/fethomas/Documents/NetBeansProjects/Appetizer/src/Appetizers/Child_Appetizers.java</file>
            <file>file:/C:/Users/fethomas/Documents/NetBeansProjects/Appetizer/src/Entree/Parent_FoodItem.java</file>
        </group>
    </open-files>
</project-private>
